code,statecode
AN01,AN
AP39,AP
AP39,AP
AP39,AP
AP39,AP
AP39,AP
AP39,AP
AP39,AP
AP39,AP
AP39,AP
AP39,AP
AP39,AP
AP39,AP
AP39,AP
AP39,AP
AP39,AP
AP39,AP
AP39,AP
AP39,AP
AP39,AP
AP39,AP
AP39,AP
AP39,AP
AP39,AP
AP39,AP
AP39,AP
AP39,AP
AP39,AP
AP39,AP
AP02,AP
AP03,AP
AP04,AP
AP05,AP
AP06,AP
AP07,AP
AP08,AP
AP16,AP
AP17,AP
AP18,AP
AP19,AP
AP21,AP
AP26,AP
AP27,AP
AP30,AP
AP31,AP
AP32,AP
AP33,AP
AP34,AP
AP35,AP
AP37,AP
AR01,AR
AR02,AR
AR03,AR
AR04,AR
AR05,AR
AR06,AR
AR07,AR
AR08,AR
AR09,AR
AR10,AR
AR11,AR
AR12,AR
AR13,AR
AR14,AR
AR15,AR
AR16,AR
AR17,AR
AR19,AR
AR20,AR
AR22,AR
AS01,AS
AS02,AS
AS03,AS
AS04,AS
AS05,AS
AS06,AS
AS07,AS
AS08,AS
AS09,AS
AS10,AS
AS11,AS
AS12,AS
AS13,AS
AS14,AS
AS15,AS
AS16,AS
AS17,AS
AS18,AS
AS19,AS
AS20,AS
AS22,AS
AS21,AS
AS23,AS
AS24,AS
AS25,AS
AS26,AS
AS27,AS
AS29,AS
AS30,AS
AS31,AS
AS32,AS
AS33,AS
AS34,AS
BR01,BR
BR02,BR
BR03,BR
BR04,BR
BR05,BR
BR06,BR
BR07,BR
BR08,BR
BR09,BR
BR10,BR
BR11,BR
BR13,BR
BR14,BR
BR15,BR
BR16,BR
BR17,BR
BR18,BR
BR19,BR
BR20,BR
BR21,BR
BR22,BR
BR23,BR
BR24,BR
BR25,BR
BR26,BR
BR27,BR
BR28,BR
BR29,BR
BR30,BR
BR31,BR
BR32,BR
BR33,BR
BR34,BR
BR35,BR
BR36,BR
BR37,BR
BR38,BR
BR39,BR
BR40,BR
BR41,BR
BR42,BR
BR43,BR
BR44,BR
BR45,BR
BR46,BR
BR47,BR
BR50,BR
BR51,BR
BR52,BR
BR53,BR
BR55,BR
BR56,BR
BR57,BR
CG01,CG
CG02,CG
CG03,CG
CG04,CG
CG05,CG
CG06,CG
CG07,CG
CG08,CG
CG09,CG
CG10,CG
CG11,CG
CG12,CG
CG13,CG
CG14,CG
CG15,CG
CG16,CG
CG17,CG
CG18,CG
CG19,CG
CG20,CG
CG21,CG
CG22,CG
CG23,CG
CG24,CG
CG25,CG
CG26,CG
CG27,CG
CG28,CG
CG29,CG
CG30,CG
CH01,CH
CH02,CH
CH03,CH
CH04,CH
DD01,DD
DD02,DD
DD03,DD
DL1,DL
DL2,DL
DL3,DL
DL4,DL
DL5,DL
DL6,DL
DL7,DL
DL8,DL
DL9,DL
DL10,DL
DL11,DL
DL12,DL
DL13,DL
GA01,GA
GA02,GA
GA03,GA
GA04,GA
GA05,GA
GA06,GA
GA07,GA
GA08,GA
GA09,GA
GA10,GA
GA11,GA
GA12,GA
GJ1,GJ
GJ2,GJ
GJ3,GJ
GJ4,GJ
GJ5,GJ
GJ6,GJ
GJ7,GJ
GJ8,GJ
GJ9,GJ
GJ10,GJ
GJ11,GJ
GJ12,GJ
GJ13,GJ
GJ14,GJ
GJ15,GJ
GJ16,GJ
GJ17,GJ
GJ18,GJ
GJ19,GJ
GJ20,GJ
GJ21,GJ
GJ22,GJ
GJ23,GJ
GJ24,GJ
GJ25,GJ
GJ26,GJ
GJ27,GJ
GJ28,GJ
GJ29,GJ
GJ30,GJ
GJ31,GJ
GJ32,GJ
GJ33,GJ
GJ34,GJ
GJ35,GJ
GJ36,GJ
GJ37,GJ
GJ38,GJ
HP01,HP
HP02,HP
HP03,HP
HP04,HP
HP05,HP
HP06,HP
HP07,HP
HP08,HP
HP09,HP
HP10,HP
HP11,HP
HP12,HP
HP13,HP
HP14,HP
HP15,HP
HP16,HP
HP16AA,HP
HP17,HP
HP18,HP
HP19,HP
HP19AA,HP
HP20,HP
HP21,HP
HP22,HP
HP23,HP
HP24,HP
HP25,HP
HP26,HP
HP27,HP
HP28,HP
HP29,HP
HP30,HP
HP31,HP
HP32,HP
HP33,HP
HP33AA,HP
HP34,HP
HP35,HP
HP36,HP
HP37,HP
HP38,HP
HP39,HP
HP40,HP
HP41,HP
HP42,HP
HP43,HP
HP44,HP
HP45,HP
HP46,HP
HP47,HP
HP48,HP
HP49,HP
HP50,HP
HP51,HP
HP52,HP
HP53,HP
HP54,HP
HP55,HP
HP56,HP
HP57,HP
HP58,HP
HP59,HP
HP60,HP
HP61,HP
HP62,HP
HP63,HP
HP64,HP
HP65,HP
HP66,HP
HP67,HP
HP68,HP
HP69,HP
HP70,HP
HP71,HP
HP72,HP
HP73,HP
HP74,HP
HP75,HP
HP76,HP
HP77,HP
HP78,HP
HP79,HP
HP80,HP
HP81,HP
HP82,HP
HP83,HP
HP84,HP
HP85,HP
HP86,HP
HP87,HP
HP87AA,HP
HP88,HP
HP89,HP
HP90,HP
HP91,HP
HP92,HP
HP93,HP
HP94,HP
HP95,HP
HP96,HP
HP97,HP
HP98,HP
HR01,HR
HR02,HR
HR03,HR
HR04,HR
HR05,HR
HR06,HR
HR07,HR
HR08,HR
HR09,HR
HR10,HR
HR11,HR
HR12,HR
HR13,HR
HR14,HR
HR15,HR
HR16,HR
HR17,HR
HR18,HR
HR19,HR
HR20,HR
HR21,HR
HR22,HR
HR23,HR
HR24,HR
HR25,HR
HR26,HR
HR27,HR
HR28,HR
HR29,HR
HR30,HR
HR31,HR
HR32,HR
HR33,HR
HR34,HR
HR35,HR
HR36,HR
HR37,HR
HR38,HR
HR39,HR
HR40,HR
HR41,HR
HR42,HR
HR43,HR
HR44,HR
HR45,HR
HR46,HR
HR47,HR
HR48,HR
HR49,HR
HR50,HR
HR51,HR
HR52,HR
HR53,HR
HR54,HR
HR55,HR
HR56,HR
HR57,HR
HR58,HR
HR59,HR
HR60,HR
HR61,HR
HR62,HR
HR63,HR
HR64,HR
HR65,HR
HR66,HR
HR67,HR
HR68,HR
HR69,HR
HR70,HR
HR71,HR
HR72,HR
HR73,HR
HR74,HR
HR75,HR
HR76,HR
HR77,HR
HR78,HR
HR79,HR
HR80,HR
HR81,HR
HR82,HR
HR83,HR
HR84,HR
HR85,HR
HR86,HR
HR87,HR
HR88,HR
HR89,HR
HR90,HR
HR91,HR
HR92,HR
HR93,HR
HR94,HR
HR95,HR
HR96,HR
HR97,HR
HR98,HR
HR99,HR
JH01,JH
JH02,JH
JH03,JH
JH04,JH
JH05,JH
JH06,JH
JH07,JH
JH08,JH
JH09,JH
JH10,JH
JH11,JH
JH12,JH
JH13,JH
JH14,JH
JH15,JH
JH16,JH
JH17,JH
JH18,JH
JH19,JH
JH20,JH
JH21,JH
JH22,JH
JH23,JH
JH24,JH
JK01,JK
JK02,JK
JK03,JK
JK04,JK
JK05,JK
JK06,JK
JK08,JK
JK09,JK
JK11,JK
JK12,JK
JK13,JK
JK14,JK
JK15,JK
JK16,JK
JK17,JK
JK18,JK
JK19,JK
JK20,JK
JK21,JK
JK22,JK
KA01,KA
KA02,KA
KA03,KA
KA04,KA
KA05,KA
KA06,KA
KA07,KA
KA08,KA
KA09,KA
KA10,KA
KA11,KA
KA12,KA
KA13,KA
KA14,KA
KA15,KA
KA16,KA
KA17,KA
KA18,KA
KA19,KA
KA20,KA
KA21,KA
KA22,KA
KA23,KA
KA24,KA
KA25,KA
KA26,KA
KA27,KA
KA28,KA
KA29,KA
KA30,KA
KA31,KA
KA32,KA
KA33,KA
KA34,KA
KA35,KA
KA36,KA
KA37,KA
KA38,KA
KA39,KA
KA40,KA
KA41,KA
KA42,KA
KA43,KA
KA44,KA
KA45,KA
KA46,KA
KA47,KA
KA48,KA
KA49,KA
KA50,KA
KA51,KA
KA52,KA
KA53,KA
KA54,KA
KA55,KA
KA56,KA
KA57,KA
KA58,KA
KA59,KA
KA60,KA
KA61,KA
KA62,KA
KA63,KA
KA64,KA
KA65,KA
KA66,KA
KA67,KA
KA68,KA
KA69,KA
KA70,KA
KA71,KA
KL01,KL
KL02,KL
KL03,KL
KL04,KL
KL05,KL
KL06,KL
KL07,KL
KL08,KL
KL09,KL
KL10,KL
KL11,KL
KL12,KL
KL13,KL
KL14,KL
KL15,KL
KL16,KL
KL17,KL
KL18,KL
KL19,KL
KL20,KL
KL21,KL
KL22,KL
KL23,KL
KL24,KL
KL25,KL
KL26,KL
KL27,KL
KL28,KL
KL29,KL
KL30,KL
KL31,KL
KL32,KL
KL33,KL
KL34,KL
KL35,KL
KL36,KL
KL37,KL
KL38,KL
KL39,KL
KL40,KL
KL41,KL
KL42,KL
KL43,KL
KL44,KL
KL45,KL
KL46,KL
KL47,KL
KL48,KL
KL49,KL
KL50,KL
KL51,KL
KL52,KL
KL53,KL
KL54,KL
KL55,KL
KL56,KL
KL57,KL
KL58,KL
KL59,KL
KL60,KL
KL61,KL
KL62,KL
KL63,KL
KL64,KL
KL65,KL
KL66,KL
KL67,KL
KL68,KL
KL69,KL
KL70,KL
KL71,KL
KL72,KL
KL73,KL
KL74,KL
KL75,KL
KL76,KL
KL77,KL
KL78,KL
KL79,KL
KL81,KL
KL82,KL
KL80,KL
KL83,KL
KL84,KL
KL85,KL
KL86,KL
KL99,KL
LA01,LA
LA02,LA
LD01,LD
LD02,LD
LD03,LD
LD04,LD
LD05,LD
LD06,LD
LD07,LD
LD08,LD
LD09,LD
MH01,MH
MH02,MH
MH03,MH
MH04,MH
MH05,MH
MH06,MH
MH07,MH
MH08,MH
MH09,MH
MH10,MH
MH11,MH
MH12,MH
MH13,MH
MH14,MH
MH15,MH
MH16,MH
MH17,MH
MH18,MH
MH19,MH
MH20,MH
MH21,MH
MH22,MH
MH23,MH
MH24,MH
MH25,MH
MH26,MH
MH27,MH
MH28,MH
MH29,MH
MH30,MH
MH31,MH
MH32,MH
MH33,MH
MH34,MH
MH35,MH
MH36,MH
MH37,MH
MH38,MH
MH39,MH
MH40,MH
MH41,MH
MH42,MH
MH43,MH
MH44,MH
MH45,MH
MH46,MH
MH47,MH
MH48,MH
MH49,MH
MH50,MH
MH51,MH
MH52,MH
MH53,MH
MH54,MH
MH55,MH
MH56,MH
MH57,MH
MH58,MH
ML01,ML
ML02,ML
ML03,ML
ML04,ML
ML05,ML
ML06,ML
ML07,ML
ML08,ML
ML09,ML
ML10,ML
MN01,MN
MN02,MN
MN03,MN
MN04,MN
MN05,MN
MN06,MN
MN07,MN
MP01,MP
MP02,MP
MP03,MP
MP04,MP
MP05,MP
MP06,MP
MP07,MP
MP08,MP
MP09,MP
MP10,MP
MP11,MP
MP12,MP
MP13,MP
MP14,MP
MP15,MP
MP16,MP
MP17,MP
MP18,MP
MP19,MP
MP20,MP
MP21,MP
MP22,MP
MP23,MP
MP24,MP
MP25,MP
MP26,MP
MP27,MP
MP28,MP
MP29,MP
MP30,MP
MP31,MP
MP32,MP
MP33,MP
MP34,MP
MP35,MP
MP36,MP
MP37,MP
MP38,MP
MP39,MP
MP40,MP
MP41,MP
MP42,MP
MP43,MP
MP44,MP
MP45,MP
MP46,MP
MP47,MP
MP48,MP
MP49,MP
MP50,MP
MP51,MP
MP52,MP
MP53,MP
MP54,MP
MP55,MP
MP56,MP
MP57,MP
MP58,MP
MP59,MP
MP60,MP
MP61,MP
MP62,MP
MP63,MP
MP64,MP
MP65,MP
MP66,MP
MP67,MP
MP68,MP
MP69,MP
MP70,MP
MP71,MP
MP72,MP
MP73,MP
MP74,MP
MZ01,MZ
MZ02,MZ
MZ03,MZ
MZ04,MZ
MZ05,MZ
MZ06,MZ
MZ07,MZ
MZ08,MZ
NL01,NL
NL02,NL
NL03,NL
NL04,NL
NL05,NL
NL06,NL
NL07,NL
NL08,NL
NL10,NL
NL11,NL
OD01,OD
OD02,OD
OD03,OD
OD04,OD
OD05,OD
OD06,OD
OD07,OD
OD08,OD
OD09,OD
OD10,OD
OD11,OD
OD12,OD
OD13,OD
OD14,OD
OD15,OD
OD16,OD
OD17,OD
OD18,OD
OD19,OD
OD20,OD
OD21,OD
OD22,OD
OD23,OD
OD24,OD
OD25,OD
OD26,OD
OD27,OD
OD28,OD
OD29,OD
OD30,OD
OD31,OD
OD32,OD
OD33,OD
OD34,OD
OD35,OD
PB01,PB
PB02,PB
PB03,PB
PB04,PB
PB05,PB
PB06,PB
PB07,PB
PB08,PB
PB09,PB
PB10,PB
PB11,PB
PB12,PB
PB13,PB
PB14,PB
PB15,PB
PB16,PB
PB17,PB
PB18,PB
PB19,PB
PB20,PB
PB21,PB
PB22,PB
PB23,PB
PB24,PB
PB25,PB
PB26,PB
PB27,PB
PB28,PB
PB29,PB
PB30,PB
PB31,PB
PB32,PB
PB33,PB
PB34,PB
PB35,PB
PB36,PB
PB37,PB
PB38,PB
PB39,PB
PB40,PB
PB41,PB
PB42,PB
PB43,PB
PB44,PB
PB45,PB
PB46,PB
PB47,PB
PB48,PB
PB49,PB
PB50,PB
PB51,PB
PB52,PB
PB53,PB
PB54,PB
PB55,PB
PB56,PB
PB57,PB
PB58,PB
PB59,PB
PB60,PB
PB61,PB
PB62,PB
PB63,PB
PB64,PB
PB65,PB
PB66,PB
PB67,PB
PB68,PB
PB69,PB
PB70,PB
PB71,PB
PB72,PB
PB73,PB
PB74,PB
PB75,PB
PB76,PB
PB77,PB
PB78,PB
PB79,PB
PB80,PB
PB81,PB
PB82,PB
PB83,PB
PB84,PB
PB85,PB
PB86,PB
PB87,PB
PB88,PB
PB89,PB
PB90,PB
PB91,PB
PB99,PB
PY01,PY
PY02,PY
PY03,PY
PY04,PY
PY05,PY
RJ01,RJ
RJ02,RJ
RJ03,RJ
RJ04,RJ
RJ05,RJ
RJ06,RJ
RJ07,RJ
RJ08,RJ
RJ09,RJ
RJ10,RJ
RJ11,RJ
RJ12,RJ
RJ13,RJ
RJ14,RJ
RJ15,RJ
RJ16,RJ
RJ17,RJ
RJ18,RJ
RJ19,RJ
RJ20,RJ
RJ21,RJ
RJ22,RJ
RJ23,RJ
RJ24,RJ
RJ25,RJ
RJ26,RJ
RJ27,RJ
RJ28,RJ
RJ29,RJ
RJ30,RJ
RJ31,RJ
RJ32,RJ
RJ33,RJ
RJ34,RJ
RJ35,RJ
RJ36,RJ
RJ37,RJ
RJ38,RJ
RJ39,RJ
RJ40,RJ
RJ41,RJ
RJ42,RJ
RJ43,RJ
RJ44,RJ
RJ45,RJ
RJ46,RJ
RJ47,RJ
RJ48,RJ
RJ49,RJ
RJ50,RJ
RJ51,RJ
RJ52,RJ
RJ53,RJ
RJ54,RJ
RJ55,RJ
RJ56,RJ
RJ57,RJ
RJ58,RJ
SK01,SK
SK02,SK
SK03,SK
SK04,SK
TN01,TN
TN02,TN
TN03,TN
TN04,TN
TN05,TN
TN06,TN
TN07,TN
TN09,TN
TN10,TN
TN11,TN
TN12,TN
TN13,TN
TN14,TN
TN15,TN
TN15M,TN
TN16,TN
TN16Z,TN
TN18,TN
TN18Y,TN
TN19,TN
TN19Z,TN
TN20,TN
TN20X,TN
TN21,TN
TN22,TN
TN23,TN
TN23T,TN
TN24,TN
TN25,TN
TN27,TN
TN28,TN
TN28Z,TN
TN29,TN
TN29W,TN
TN29Z,TN
TN30,TN
TN30W,TN
TN31,TN
TN31Z,TN
TN32,TN
TN33,TN
TN34,TN
TN34M,TN
TN36,TN
TN36W,TN
TN36Z,TN
TN37,TN
TN37Z,TN
TN38,TN
TN39,TN
TN39Z,TN
TN40,TN
TN41,TN
TN41W,TN
TN42,TN
TN42Y,TN
TN43,TN
TN43Z,TN
TN45,TN
TN45Z,TN
TN46,TN
TN47,TN
TN47X,TN
TN47Y,TN
TN47Z,TN
TN48,TN
TN48Z,TN
TN48Y,TN
TN48X,TN
TN49,TN
TN49Y,TN
TN50,TN
TN50Y,TN
TN50Z,TN
TN51,TN
TN52,TN
TN54,TN
TN55,TN
TN55X,TN
TN55Y,TN
TN55Z,TN
TN56,TN
TN57,TN
TN57V,TN
TN57W,TN
TN58,TN
TN58Y,TN
TN58Z,TN
TN59,TN
TN59V,TN
TN59Z,TN
TN60,TN
TN60Z,TN
TN61,TN
TN63,TN
TN63Z,TN
TN64,TN
TN65,TN
TN65Z,TN
TN66,TN
TN67,TN
TN67W,TN
TN68,TN
TN69,TN
TN70,TN
TN72,TN
TN72V,TN
TN73,TN
TN73Z,TN
TN74,TN
TN75,TN
TN76,TN
TN76V,TN
TN77,TN
TN77Z,TN
TN78,TN
TN78M,TN
TN79,TN
TN81,TN
TN81Z,TN
TN82,TN
TN82Z,TN
TN83,TN
TN83Y,TN
TN83M,TN
TN84,TN
TN85,TN
TN86,TN
TN87,TN
TN88,TN
TN88Z,TN
TN90,TN
TN91,TN
TN91Y,TN
TN91Z,TN
TN92,TN
TN93,TN
TN94,TN
TN94Z,TN
TN95,TN
TN96,TN
TN97,TN
TN97Z,TN
TN99,TN
TR01,TR
TR02,TR
TR03,TR
TR04,TR
TR05,TR
TR06,TR
TR07,TR
TR08,TR
TS01,TS
TS02,TS
TS03,TS
TS04,TS
TS05,TS
TS06,TS
TS07,TS
TS08,TS
TS09,TS
TS10,TS
TS11,TS
TS12,TS
TS13,TS
TS14,TS
TS15,TS
TS16,TS
TS17,TS
TS18,TS
TS19,TS
TS20,TS
TS21,TS
TS22,TS
TS23,TS
TS24,TS
TS25,TS
TS26,TS
TS27,TS
TS28,TS
TS29,TS
TS30,TS
TS31,TS
TS32,TS
TS33,TS
TS34,TS
TS35,TS
TS36,TS
TS37,TS
TS38,TS
UK01,UK
UK02,UK
UK03,UK
UK04,UK
UK05,UK
UK06,UK
UK07,UK
UK08,UK
UK09,UK
UK10,UK
UK11,UK
UK12,UK
UK13,UK
UK14,UK
UK15,UK
UK16,UK
UK17,UK
UK18,UK
UK19,UK
UK20,UK
UP01,UP
UP02,UP
UP03,UP
UP04,UP
UP05,UP
UP06,UP
UP07,UP
UP08,UP
UP09,UP
UP10,UP
UP11,UP
UP12,UP
UP13,UP
UP14,UP
UP15,UP
UP16,UP
UP17,UP
UP19,UP
UP20,UP
UP21,UP
UP22,UP
UP23,UP
UP24,UP
UP25,UP
UP26,UP
UP27,UP
UP30,UP
UP31,UP
UP32,UP
UP33,UP
UP34,UP
UP35,UP
UP36,UP
UP37,UP
UP38,UP
UP40,UP
UP41,UP
UP42,UP
UP43,UP
UP44,UP
UP45,UP
UP46,UP
UP47,UP
UP50,UP
UP51,UP
UP52,UP
UP53,UP
UP54,UP
UP55,UP
UP56,UP
UP57,UP
UP58,UP
UP60,UP
UP61,UP
UP62,UP
UP63,UP
UP64,UP
UP65,UP
UP66,UP
UP67,UP
UP70,UP
UP71,UP
UP72,UP
UP73,UP
UP74,UP
UP75,UP
UP76,UP
UP77,UP
UP78,UP
UP79,UP
UP80,UP
UP81,UP
UP82,UP
UP83,UP
UP84,UP
UP85,UP
UP86,UP
UP87,UP
UP90,UP
UP91,UP
UP92,UP
UP93,UP
UP94,UP
UP95,UP
UP96,UP
WB01,WB
WB02,WB
WB03,WB
WB04,WB
WB05,WB
WB06,WB
WB07,WB
WB08,WB
WB09,WB
WB10,WB
WB11,WB
WB12,WB
WB13,WB
WB14,WB
WB15,WB
WB16,WB
WB17,WB
WB18,WB
WB19,WB
WB20,WB
WB21,WB
WB22,WB
WB23,WB
WB24,WB
WB25,WB
WB26,WB
WB27,WB
WB28,WB
WB29,WB
WB30,WB
WB31,WB
WB32,WB
WB33,WB
WB34,WB
WB35,WB
WB36,WB
WB37,WB
WB38,WB
WB39,WB
WB40,WB
WB41,WB
WB42,WB
WB43,WB
WB44,WB
WB45,WB
WB46,WB
WB47,WB
WB48,WB
WB49,WB
WB50,WB
WB51,WB
WB52,WB
WB53,WB
WB54,WB
WB55,WB
WB56,WB
WB57,WB
WB58,WB
WB59,WB
WB60,WB
WB61,WB
WB62,WB
WB63,WB
WB64,WB
WB65,WB
WB66,WB
WB67,WB
WB68,WB
WB69,WB
WB70,WB
WB71,WB
WB72,WB
WB73,WB
WB74,WB
WB75,WB
WB76,WB
WB77,WB
WB78,WB
WB79,WB
WB80,WB
WB81,WB
WB82,WB
WB83,WB
WB84,WB
WB85,WB
WB86,WB
WB87,WB
WB88,WB
WB89,WB
WB90,WB
WB91,WB
WB92,WB
WB93,WB
WB94,WB
WB95,WB
WB96,WB
WB97,WB
WB98,WB
WB99,WB
